animal_id,animal_image
44399911,https://dl5zpyw5k3jeb.cloudfront.net/photos/pets/44399911/1/?bust=1554554063&width=300
44399910,https://dl5zpyw5k3jeb.cloudfront.net/photos/pets/44399910/1/?bust=1554554063&width=300
44394487,https://dl5zpyw5k3jeb.cloudfront.net/photos/pets/44394487/1/?bust=1554492859&width=300
44389765,https://dl5zpyw5k3jeb.cloudfront.net/photos/pets/44389765/1/?bust=1554450709&width=300
44389763,https://dl5zpyw5k3jeb.cloudfront.net/photos/pets/44389763/1/?bust=1554450711&width=300
44389762,https://dl5zpyw5k3jeb.cloudfront.net/photos/pets/44389762/1/?bust=1554450708&width=300
44384335,https://dl5zpyw5k3jeb.cloudfront.net/photos/pets/44384335/1/?bust=1554388698&width=300
44346956,https://dl5zpyw5k3jeb.cloudfront.net/photos/pets/44346956/1/?bust=1553926430&width=300
44330432,https://dl5zpyw5k3jeb.cloudfront.net/photos/pets/44330432/1/?bust=1553747324&width=300
44240883,https://dl5zpyw5k3jeb.cloudfront.net/photos/pets/44240883/1/?bust=1552707347&width=300
44240884,https://dl5zpyw5k3jeb.cloudfront.net/photos/pets/44240884/1/?bust=1552707347&width=300
44232882,https://dl5zpyw5k3jeb.cloudfront.net/photos/pets/44232882/1/?bust=1552627851&width=300
44232880,https://dl5zpyw5k3jeb.cloudfront.net/photos/pets/44232880/1/?bust=1554450708&width=300
44232881,https://dl5zpyw5k3jeb.cloudfront.net/photos/pets/44232881/1/?bust=1554450710&width=300
44177407,https://dl5zpyw5k3jeb.cloudfront.net/photos/pets/44177407/1/?bust=1552009993&width=300
44177406,https://dl5zpyw5k3jeb.cloudfront.net/photos/pets/44177406/1/?bust=1552009993&width=300
44333934,https://dl5zpyw5k3jeb.cloudfront.net/photos/pets/44333934/1/?bust=1553784218&width=300
44252476,https://dl5zpyw5k3jeb.cloudfront.net/photos/pets/44252476/1/?bust=1552836784&width=300
44038641,https://dl5zpyw5k3jeb.cloudfront.net/photos/pets/44038641/1/?bust=1550423177&width=300
43998709,https://dl5zpyw5k3jeb.cloudfront.net/photos/pets/43998709/1/?bust=1549986073&width=300
43945841,https://dl5zpyw5k3jeb.cloudfront.net/photos/pets/43945841/1/?bust=1549397943&width=300
43905429,https://dl5zpyw5k3jeb.cloudfront.net/photos/pets/43905429/1/?bust=1548948598&width=300
43826303,https://dl5zpyw5k3jeb.cloudfront.net/photos/pets/43826303/1/?bust=1548085784&width=300
43819502,https://dl5zpyw5k3jeb.cloudfront.net/photos/pets/43819502/1/?bust=1547999628&width=300
43766168,https://dl5zpyw5k3jeb.cloudfront.net/photos/pets/43766168/1/?bust=1547416859&width=300
43681786,https://dl5zpyw5k3jeb.cloudfront.net/photos/pets/43681786/1/?bust=1546539071&width=300
43621177,https://dl5zpyw5k3jeb.cloudfront.net/photos/pets/43621177/1/?bust=1545674367&width=300
43616487,https://dl5zpyw5k3jeb.cloudfront.net/photos/pets/43616487/1/?bust=1545594821&width=300
43529973,https://dl5zpyw5k3jeb.cloudfront.net/photos/pets/43529973/1/?bust=1544717213&width=300
43418925,https://dl5zpyw5k3jeb.cloudfront.net/photos/pets/43418925/1/?bust=1543594405&width=300
43319168,https://dl5zpyw5k3jeb.cloudfront.net/photos/pets/43319168/1/?bust=1542471174&width=300
43207477,https://dl5zpyw5k3jeb.cloudfront.net/photos/pets/43207477/1/?bust=1541372357&width=300
43101257,https://dl5zpyw5k3jeb.cloudfront.net/photos/pets/43101257/1/?bust=1540394277&width=300
43028017,https://dl5zpyw5k3jeb.cloudfront.net/photos/pets/43028017/1/?bust=1539704513&width=300
43022276,https://dl5zpyw5k3jeb.cloudfront.net/photos/pets/43022276/1/?bust=1539617580&width=300
43022191,https://dl5zpyw5k3jeb.cloudfront.net/photos/pets/43022191/1/?bust=1539616153&width=300
44378483,https://dl5zpyw5k3jeb.cloudfront.net/photos/pets/44378483/1/?bust=1554317811&width=300
44323139,https://dl5zpyw5k3jeb.cloudfront.net/photos/pets/44323139/1/?bust=1553652506&width=300
44265337,https://dl5zpyw5k3jeb.cloudfront.net/photos/pets/44265337/1/?bust=1553034445&width=300
43693819,https://dl5zpyw5k3jeb.cloudfront.net/photos/pets/43693819/1/?bust=1546644521&width=300
43523170,https://dl5zpyw5k3jeb.cloudfront.net/photos/pets/43523170/2/?bust=1544636902&width=300
43041641,https://dl5zpyw5k3jeb.cloudfront.net/photos/pets/43041641/1/?bust=1539877369&width=300
42966237,https://dl5zpyw5k3jeb.cloudfront.net/photos/pets/42966237/2/?bust=1539049511&width=300
42859000,https://dl5zpyw5k3jeb.cloudfront.net/photos/pets/42859000/1/?bust=1538004191&width=300
42782099,https://dl5zpyw5k3jeb.cloudfront.net/photos/pets/42782099/1/?bust=1537219130&width=300
42635394,https://dl5zpyw5k3jeb.cloudfront.net/photos/pets/42635394/1/?bust=1535840903&width=300
42635392,https://dl5zpyw5k3jeb.cloudfront.net/photos/pets/42635392/1/?bust=1535840796&width=300
42475041,https://dl5zpyw5k3jeb.cloudfront.net/photos/pets/42475041/1/?bust=1534279241&width=300
42474958,https://dl5zpyw5k3jeb.cloudfront.net/photos/pets/42474958/1/?bust=1534278643&width=300
42363705,https://dl5zpyw5k3jeb.cloudfront.net/photos/pets/42363705/1/?bust=1533239925&width=300
42363680,https://dl5zpyw5k3jeb.cloudfront.net/photos/pets/42363680/2/?bust=1533239625&width=300
42281378,https://dl5zpyw5k3jeb.cloudfront.net/photos/pets/42281378/1/?bust=1532468173&width=300
42280844,https://dl5zpyw5k3jeb.cloudfront.net/photos/pets/42280844/1/?bust=1532462158&width=300
42091100,https://dl5zpyw5k3jeb.cloudfront.net/photos/pets/42091100/1/?bust=1530738371&width=300
42061549,https://dl5zpyw5k3jeb.cloudfront.net/photos/pets/42061549/1/?bust=1530475182&width=300
41882780,https://dl5zpyw5k3jeb.cloudfront.net/photos/pets/41882780/1/?bust=1528840428&width=300
44325054,https://dl5zpyw5k3jeb.cloudfront.net/photos/pets/44325054/1/?bust=1553695356&width=300
44325053,https://dl5zpyw5k3jeb.cloudfront.net/photos/pets/44325053/1/?bust=1553695357&width=300
44282652,https://dl5zpyw5k3jeb.cloudfront.net/photos/pets/44282652/1/?bust=1553179629&width=300
44407111,https://dl5zpyw5k3jeb.cloudfront.net/photos/pets/44407111/1/?bust=1554601619&width=300
44405109,https://dl5zpyw5k3jeb.cloudfront.net/photos/pets/44405109/1/?bust=1554590640&width=300
44405001,https://dl5zpyw5k3jeb.cloudfront.net/photos/pets/44405001/3/?bust=1554590395&width=300
44404560,https://dl5zpyw5k3jeb.cloudfront.net/photos/pets/44404560/4/?bust=1554589297&width=300
44404538,https://dl5zpyw5k3jeb.cloudfront.net/photos/pets/44404538/3/?bust=1554589215&width=300
44404499,https://dl5zpyw5k3jeb.cloudfront.net/photos/pets/44404499/4/?bust=1554589149&width=300
44404458,https://dl5zpyw5k3jeb.cloudfront.net/photos/pets/44404458/3/?bust=1554589068&width=300
44404351,https://dl5zpyw5k3jeb.cloudfront.net/photos/pets/44404351/3/?bust=1554589002&width=300
44404319,https://dl5zpyw5k3jeb.cloudfront.net/photos/pets/44404319/4/?bust=1554588934&width=300
44404292,https://dl5zpyw5k3jeb.cloudfront.net/photos/pets/44404292/2/?bust=1554588861&width=300
44404208,https://dl5zpyw5k3jeb.cloudfront.net/photos/pets/44404208/4/?bust=1554588663&width=300
44402592,https://dl5zpyw5k3jeb.cloudfront.net/photos/pets/44402592/1/?bust=1554557646&width=300
44402558,https://dl5zpyw5k3jeb.cloudfront.net/photos/pets/44402558/2/?bust=1554556159&width=300
44393831,https://dl5zpyw5k3jeb.cloudfront.net/photos/pets/44393831/1/?bust=1554483705&width=300
44393614,https://dl5zpyw5k3jeb.cloudfront.net/photos/pets/44393614/1/?bust=1554483276&width=300
44393394,https://dl5zpyw5k3jeb.cloudfront.net/photos/pets/44393394/2/?bust=1554480904&width=300
44393086,https://dl5zpyw5k3jeb.cloudfront.net/photos/pets/44393086/2/?bust=1554477145&width=300
44393062,https://dl5zpyw5k3jeb.cloudfront.net/photos/pets/44393062/3/?bust=1554476834&width=300
44393040,https://dl5zpyw5k3jeb.cloudfront.net/photos/pets/44393040/4/?bust=1554476542&width=300
44393022,https://dl5zpyw5k3jeb.cloudfront.net/photos/pets/44393022/3/?bust=1554476175&width=300
44376347,https://dl5zpyw5k3jeb.cloudfront.net/photos/pets/44376347/1/?bust=1554287043&width=300
44368421,https://dl5zpyw5k3jeb.cloudfront.net/photos/pets/44368421/1/?bust=1554193729&width=300
44368420,https://dl5zpyw5k3jeb.cloudfront.net/photos/pets/44368420/1/?bust=1554193727&width=300
44368419,https://dl5zpyw5k3jeb.cloudfront.net/photos/pets/44368419/1/?bust=1554193728&width=300
44332279,https://dl5zpyw5k3jeb.cloudfront.net/photos/pets/44332279/1/?bust=1553747012&width=300
44313809,https://dl5zpyw5k3jeb.cloudfront.net/photos/pets/44313809/1/?bust=1553547740&width=300
44296452,https://dl5zpyw5k3jeb.cloudfront.net/photos/pets/44296452/1/?bust=1553313178&width=300
44259152,https://dl5zpyw5k3jeb.cloudfront.net/photos/pets/44259152/1/?bust=1552937079&width=300
44259153,https://dl5zpyw5k3jeb.cloudfront.net/photos/pets/44259153/1/?bust=1552937079&width=300
44251861,https://dl5zpyw5k3jeb.cloudfront.net/photos/pets/44251861/1/?bust=1552977934&width=300
44213439,https://dl5zpyw5k3jeb.cloudfront.net/photos/pets/44213439/1/?bust=1552419812&width=300
44198939,https://dl5zpyw5k3jeb.cloudfront.net/photos/pets/44198939/1/?bust=1552244618&width=300
44153662,https://dl5zpyw5k3jeb.cloudfront.net/photos/pets/44153662/1/?bust=1551741034&width=300
44098285,https://dl5zpyw5k3jeb.cloudfront.net/photos/pets/44098285/1/?bust=1551155923&width=300
44014661,https://dl5zpyw5k3jeb.cloudfront.net/photos/pets/44014661/1/?bust=1550166723&width=300
43995305,https://dl5zpyw5k3jeb.cloudfront.net/photos/pets/43995305/1/?bust=1549940323&width=300
43968090,https://dl5zpyw5k3jeb.cloudfront.net/photos/pets/43968090/1/?bust=1551800246&width=300
43936357,https://dl5zpyw5k3jeb.cloudfront.net/photos/pets/43936357/1/?bust=1549334974&width=300
43936356,https://dl5zpyw5k3jeb.cloudfront.net/photos/pets/43936356/1/?bust=1554329828&width=300
43874810,https://dl5zpyw5k3jeb.cloudfront.net/photos/pets/43874810/1/?bust=1552832614&width=300
43758569,https://dl5zpyw5k3jeb.cloudfront.net/photos/pets/43758569/1/?bust=1547328498&width=300
43707958,https://dl5zpyw5k3jeb.cloudfront.net/photos/pets/43707958/1/?bust=1546815398&width=300
43693820,https://dl5zpyw5k3jeb.cloudfront.net/photos/pets/43693820/1/?bust=1546644675&width=300
43511784,https://dl5zpyw5k3jeb.cloudfront.net/photos/pets/43511784/1/?bust=1544549881&width=300
43324578,https://dl5zpyw5k3jeb.cloudfront.net/photos/pets/43324578/1/?bust=1542499051&width=300
43324528,https://dl5zpyw5k3jeb.cloudfront.net/photos/pets/43324528/1/?bust=1542499131&width=300
43306302,https://dl5zpyw5k3jeb.cloudfront.net/photos/pets/43306302/1/?bust=1542377275&width=300
43198598,https://dl5zpyw5k3jeb.cloudfront.net/photos/pets/43198598/1/?bust=1541271590&width=300
43198588,https://dl5zpyw5k3jeb.cloudfront.net/photos/pets/43198588/1/?bust=1541271496&width=300
43029164,https://dl5zpyw5k3jeb.cloudfront.net/photos/pets/43029164/1/?bust=1539720066&width=300
43029202,https://dl5zpyw5k3jeb.cloudfront.net/photos/pets/43029202/1/?bust=1539719541&width=300
42856653,https://dl5zpyw5k3jeb.cloudfront.net/photos/pets/42856653/1/?bust=1538053570&width=300
42856678,https://dl5zpyw5k3jeb.cloudfront.net/photos/pets/42856678/1/?bust=1538053501&width=300
42477758,https://dl5zpyw5k3jeb.cloudfront.net/photos/pets/42477758/1/?bust=1534345859&width=300
42477873,https://dl5zpyw5k3jeb.cloudfront.net/photos/pets/42477873/1/?bust=1534345813&width=300
42406532,https://dl5zpyw5k3jeb.cloudfront.net/photos/pets/42406532/3/?bust=1534186559&width=300
41924638,https://dl5zpyw5k3jeb.cloudfront.net/photos/pets/41924638/1/?bust=1529183819&width=300
41876818,https://dl5zpyw5k3jeb.cloudfront.net/photos/pets/41876818/1/?bust=1528807904&width=300
41689436,https://dl5zpyw5k3jeb.cloudfront.net/photos/pets/41689436/1/?bust=1526941941&width=300
41647022,https://dl5zpyw5k3jeb.cloudfront.net/photos/pets/41647022/1/?bust=1526479601&width=300
44383039,https://dl5zpyw5k3jeb.cloudfront.net/photos/pets/44383039/2/?bust=1554338690&width=300
44356077,https://dl5zpyw5k3jeb.cloudfront.net/photos/pets/44356077/1/?bust=1554035270&width=300
44326274,https://dl5zpyw5k3jeb.cloudfront.net/photos/pets/44326274/1/?bust=1553691269&width=300
44253664,https://dl5zpyw5k3jeb.cloudfront.net/photos/pets/44253664/1/?bust=1552867923&width=300
44186046,https://dl5zpyw5k3jeb.cloudfront.net/photos/pets/44186046/1/?bust=1552083893&width=300
44160290,https://dl5zpyw5k3jeb.cloudfront.net/photos/pets/44160290/1/?bust=1551816267&width=300
44105270,https://dl5zpyw5k3jeb.cloudfront.net/photos/pets/44105270/3/?bust=1552088116&width=300
44105266,https://dl5zpyw5k3jeb.cloudfront.net/photos/pets/44105266/3/?bust=1552088406&width=300
44070075,https://dl5zpyw5k3jeb.cloudfront.net/photos/pets/44070075/1/?bust=1550786263&width=300
44059379,https://dl5zpyw5k3jeb.cloudfront.net/photos/pets/44059379/1/?bust=1550675949&width=300
44049256,https://dl5zpyw5k3jeb.cloudfront.net/photos/pets/44049256/1/?bust=1550554803&width=300
44049073,https://dl5zpyw5k3jeb.cloudfront.net/photos/pets/44049073/1/?bust=1550546068&width=300
43935735,https://dl5zpyw5k3jeb.cloudfront.net/photos/pets/43935735/4/?bust=1549284731&width=300
43875761,https://dl5zpyw5k3jeb.cloudfront.net/photos/pets/43875761/1/?bust=1548606015&width=300
43875741,https://dl5zpyw5k3jeb.cloudfront.net/photos/pets/43875741/1/?bust=1548605860&width=300
43766693,https://dl5zpyw5k3jeb.cloudfront.net/photos/pets/43766693/2/?bust=1547427785&width=300
43725117,https://dl5zpyw5k3jeb.cloudfront.net/photos/pets/43725117/4/?bust=1550065157&width=300
43660060,https://dl5zpyw5k3jeb.cloudfront.net/photos/pets/43660060/2/?bust=1546213585&width=300
43617111,https://dl5zpyw5k3jeb.cloudfront.net/photos/pets/43617111/1/?bust=1545610398&width=300
43561480,https://dl5zpyw5k3jeb.cloudfront.net/photos/pets/43561480/1/?bust=1545015373&width=300
44327503,https://dl5zpyw5k3jeb.cloudfront.net/photos/pets/44327503/4/?bust=1553700315&width=300
44284639,https://dl5zpyw5k3jeb.cloudfront.net/photos/pets/44284639/2/?bust=1553291204&width=300
44159517,https://dl5zpyw5k3jeb.cloudfront.net/photos/pets/44159517/4/?bust=1551806114&width=300
44159491,https://dl5zpyw5k3jeb.cloudfront.net/photos/pets/44159491/2/?bust=1552668521&width=300
44098815,https://dl5zpyw5k3jeb.cloudfront.net/photos/pets/44098815/1/?bust=1551113182&width=300
44098792,https://dl5zpyw5k3jeb.cloudfront.net/photos/pets/44098792/1/?bust=1551112683&width=300
43797805,https://dl5zpyw5k3jeb.cloudfront.net/photos/pets/43797805/4/?bust=1547744624&width=300
43769830,https://dl5zpyw5k3jeb.cloudfront.net/photos/pets/43769830/2/?bust=1547483396&width=300
43739800,https://dl5zpyw5k3jeb.cloudfront.net/photos/pets/43739800/4/?bust=1547139554&width=300
43669368,https://dl5zpyw5k3jeb.cloudfront.net/photos/pets/43669368/5/?bust=1552424394&width=300
43567928,https://dl5zpyw5k3jeb.cloudfront.net/photos/pets/43567928/1/?bust=1545080089&width=300
43408265,https://dl5zpyw5k3jeb.cloudfront.net/photos/pets/43408265/1/?bust=1543480530&width=300
43384938,https://dl5zpyw5k3jeb.cloudfront.net/photos/pets/43384938/3/?bust=1545080037&width=300
42891347,https://dl5zpyw5k3jeb.cloudfront.net/photos/pets/42891347/1/?bust=1538323824&width=300
42891323,https://dl5zpyw5k3jeb.cloudfront.net/photos/pets/42891323/1/?bust=1538323499&width=300
42891304,https://dl5zpyw5k3jeb.cloudfront.net/photos/pets/42891304/1/?bust=1538323049&width=300
42523768,https://dl5zpyw5k3jeb.cloudfront.net/photos/pets/42523768/1/?bust=1534790414&width=300
42417446,https://dl5zpyw5k3jeb.cloudfront.net/photos/pets/42417446/1/?bust=1533698477&width=300
42399719,https://dl5zpyw5k3jeb.cloudfront.net/photos/pets/42399719/2/?bust=1533571459&width=300
42260840,https://dl5zpyw5k3jeb.cloudfront.net/photos/pets/42260840/2/?bust=1532294764&width=300
44398685,https://dl5zpyw5k3jeb.cloudfront.net/photos/pets/44398685/1/?bust=1554512989&width=300
44398673,https://dl5zpyw5k3jeb.cloudfront.net/photos/pets/44398673/1/?bust=1554512753&width=300
44398665,https://dl5zpyw5k3jeb.cloudfront.net/photos/pets/44398665/1/?bust=1554512524&width=300
44398652,https://dl5zpyw5k3jeb.cloudfront.net/photos/pets/44398652/1/?bust=1554512358&width=300
44398626,https://dl5zpyw5k3jeb.cloudfront.net/photos/pets/44398626/1/?bust=1554511652&width=300
44384577,https://dl5zpyw5k3jeb.cloudfront.net/photos/pets/44384577/2/?bust=1554382444&width=300
44378793,https://dl5zpyw5k3jeb.cloudfront.net/photos/pets/44378793/1/?bust=1554321141&width=300
44378691,https://dl5zpyw5k3jeb.cloudfront.net/photos/pets/44378691/1/?bust=1554319986&width=300
44378485,https://dl5zpyw5k3jeb.cloudfront.net/photos/pets/44378485/1/?bust=1554317482&width=300
44369074,https://dl5zpyw5k3jeb.cloudfront.net/photos/pets/44369074/5/?bust=1554215080&width=300
44362802,https://dl5zpyw5k3jeb.cloudfront.net/photos/pets/44362802/1/?bust=1554131181&width=300
44345441,https://dl5zpyw5k3jeb.cloudfront.net/photos/pets/44345441/2/?bust=1553899056&width=300
44314854,https://dl5zpyw5k3jeb.cloudfront.net/photos/pets/44314854/1/?bust=1553555910&width=300
44314829,https://dl5zpyw5k3jeb.cloudfront.net/photos/pets/44314829/1/?bust=1553555190&width=300
44311083,https://dl5zpyw5k3jeb.cloudfront.net/photos/pets/44311083/2/?bust=1553520150&width=300
44311038,https://dl5zpyw5k3jeb.cloudfront.net/photos/pets/44311038/1/?bust=1553518628&width=300
44300196,https://dl5zpyw5k3jeb.cloudfront.net/photos/pets/44300196/2/?bust=1553344891&width=300
44276965,https://dl5zpyw5k3jeb.cloudfront.net/photos/pets/44276965/1/?bust=1553134179&width=300
44276951,https://dl5zpyw5k3jeb.cloudfront.net/photos/pets/44276951/3/?bust=1553133792&width=300
44276912,https://dl5zpyw5k3jeb.cloudfront.net/photos/pets/44276912/1/?bust=1553132285&width=300
44355242,https://dl5zpyw5k3jeb.cloudfront.net/photos/pets/44355242/1/?bust=1554002702&width=300
44355237,https://dl5zpyw5k3jeb.cloudfront.net/photos/pets/44355237/1/?bust=1554002384&width=300
44330284,https://dl5zpyw5k3jeb.cloudfront.net/photos/pets/44330284/1/?bust=1553739744&width=300
44330088,https://dl5zpyw5k3jeb.cloudfront.net/photos/pets/44330088/1/?bust=1553739413&width=300
44330034,https://dl5zpyw5k3jeb.cloudfront.net/photos/pets/44330034/1/?bust=1553739249&width=300
44315572,https://dl5zpyw5k3jeb.cloudfront.net/photos/pets/44315572/1/?bust=1553571380&width=300
44315560,https://dl5zpyw5k3jeb.cloudfront.net/photos/pets/44315560/1/?bust=1553571140&width=300
44315558,https://dl5zpyw5k3jeb.cloudfront.net/photos/pets/44315558/1/?bust=1553570984&width=300
44315524,https://dl5zpyw5k3jeb.cloudfront.net/photos/pets/44315524/1/?bust=1553569795&width=300
44315501,https://dl5zpyw5k3jeb.cloudfront.net/photos/pets/44315501/1/?bust=1553568823&width=300
44315469,https://dl5zpyw5k3jeb.cloudfront.net/photos/pets/44315469/1/?bust=1553567845&width=300
44042608,https://dl5zpyw5k3jeb.cloudfront.net/photos/pets/44042608/1/?bust=1550462723&width=300
44042586,https://dl5zpyw5k3jeb.cloudfront.net/photos/pets/44042586/1/?bust=1550462588&width=300
44042565,https://dl5zpyw5k3jeb.cloudfront.net/photos/pets/44042565/1/?bust=1550462494&width=300
44042532,https://dl5zpyw5k3jeb.cloudfront.net/photos/pets/44042532/1/?bust=1550462398&width=300
44042466,https://dl5zpyw5k3jeb.cloudfront.net/photos/pets/44042466/1/?bust=1550462208&width=300
43992938,https://dl5zpyw5k3jeb.cloudfront.net/photos/pets/43992938/1/?bust=1549925268&width=300
43992919,https://dl5zpyw5k3jeb.cloudfront.net/photos/pets/43992919/1/?bust=1549925007&width=300
43992903,https://dl5zpyw5k3jeb.cloudfront.net/photos/pets/43992903/1/?bust=1549924895&width=300
43922003,https://dl5zpyw5k3jeb.cloudfront.net/photos/pets/43922003/1/?bust=1549124176&width=300
44403593,https://dl5zpyw5k3jeb.cloudfront.net/photos/pets/44403593/1/?bust=1554579120&width=300
44396810,https://dl5zpyw5k3jeb.cloudfront.net/photos/pets/44396810/1/?bust=1554511623&width=300
44396809,https://dl5zpyw5k3jeb.cloudfront.net/photos/pets/44396809/4/?bust=1554511221&width=300
44391944,https://dl5zpyw5k3jeb.cloudfront.net/photos/pets/44391944/1/?bust=1554447373&width=300
44381029,https://dl5zpyw5k3jeb.cloudfront.net/photos/pets/44381029/1/?bust=1554325348&width=300
44334303,https://dl5zpyw5k3jeb.cloudfront.net/photos/pets/44334303/1/?bust=1553791014&width=300
44306413,https://dl5zpyw5k3jeb.cloudfront.net/photos/pets/44306413/1/?bust=1553437998&width=300
44259645,https://dl5zpyw5k3jeb.cloudfront.net/photos/pets/44259645/1/?bust=1552938038&width=300
44223545,https://dl5zpyw5k3jeb.cloudfront.net/photos/pets/44223545/1/?bust=1552526060&width=300
44222443,https://dl5zpyw5k3jeb.cloudfront.net/photos/pets/44222443/1/?bust=1552522812&width=300
44214380,https://dl5zpyw5k3jeb.cloudfront.net/photos/pets/44214380/1/?bust=1552427696&width=300
44214367,https://dl5zpyw5k3jeb.cloudfront.net/photos/pets/44214367/1/?bust=1552427328&width=300
44214329,https://dl5zpyw5k3jeb.cloudfront.net/photos/pets/44214329/3/?bust=1552426677&width=300
44165313,https://dl5zpyw5k3jeb.cloudfront.net/photos/pets/44165313/1/?bust=1551891064&width=300
44131359,https://dl5zpyw5k3jeb.cloudfront.net/photos/pets/44131359/2/?bust=1551470671&width=300
44061635,https://dl5zpyw5k3jeb.cloudfront.net/photos/pets/44061635/1/?bust=1550702363&width=300
44060272,https://dl5zpyw5k3jeb.cloudfront.net/photos/pets/44060272/1/?bust=1550702110&width=300
44060243,https://dl5zpyw5k3jeb.cloudfront.net/photos/pets/44060243/1/?bust=1550691813&width=300
44007193,https://dl5zpyw5k3jeb.cloudfront.net/photos/pets/44007193/3/?bust=1550087284&width=300
44007161,https://dl5zpyw5k3jeb.cloudfront.net/photos/pets/44007161/1/?bust=1550086871&width=300
44007112,https://dl5zpyw5k3jeb.cloudfront.net/photos/pets/44007112/2/?bust=1550086483&width=300
44007066,https://dl5zpyw5k3jeb.cloudfront.net/photos/pets/44007066/1/?bust=1550085998&width=300
44007033,https://dl5zpyw5k3jeb.cloudfront.net/photos/pets/44007033/5/?bust=1550085669&width=300
43916458,https://dl5zpyw5k3jeb.cloudfront.net/photos/pets/43916458/6/?bust=1549222235&width=300
44355037,https://dl5zpyw5k3jeb.cloudfront.net/photos/pets/44355037/1/?bust=1553994044&width=300
44355013,https://dl5zpyw5k3jeb.cloudfront.net/photos/pets/44355013/2/?bust=1553993815&width=300
44355005,https://dl5zpyw5k3jeb.cloudfront.net/photos/pets/44355005/1/?bust=1553993367&width=300
44327788,https://dl5zpyw5k3jeb.cloudfront.net/photos/pets/44327788/1/?bust=1553706371&width=300
44327765,https://dl5zpyw5k3jeb.cloudfront.net/photos/pets/44327765/1/?bust=1553706033&width=300
44266046,https://dl5zpyw5k3jeb.cloudfront.net/photos/pets/44266046/3/?bust=1553027522&width=300
44183806,https://dl5zpyw5k3jeb.cloudfront.net/photos/pets/44183806/2/?bust=1552066476&width=300
44183416,https://dl5zpyw5k3jeb.cloudfront.net/photos/pets/44183416/1/?bust=1552065511&width=300
44133843,https://dl5zpyw5k3jeb.cloudfront.net/photos/pets/44133843/2/?bust=1551490707&width=300
44048573,https://dl5zpyw5k3jeb.cloudfront.net/photos/pets/44048573/1/?bust=1550543146&width=300
44048472,https://dl5zpyw5k3jeb.cloudfront.net/photos/pets/44048472/2/?bust=1550542492&width=300
44048002,https://dl5zpyw5k3jeb.cloudfront.net/photos/pets/44048002/1/?bust=1550541478&width=300
43986049,https://dl5zpyw5k3jeb.cloudfront.net/photos/pets/43986049/2/?bust=1549826899&width=300
43985669,https://dl5zpyw5k3jeb.cloudfront.net/photos/pets/43985669/5/?bust=1549819155&width=300
43980494,https://dl5zpyw5k3jeb.cloudfront.net/photos/pets/43980494/4/?bust=1549764498&width=300
43973322,https://dl5zpyw5k3jeb.cloudfront.net/photos/pets/43973322/1/?bust=1549679214&width=300
43973299,https://dl5zpyw5k3jeb.cloudfront.net/photos/pets/43973299/1/?bust=1549678931&width=300
43965393,https://dl5zpyw5k3jeb.cloudfront.net/photos/pets/43965393/1/?bust=1549592849&width=300
43965365,https://dl5zpyw5k3jeb.cloudfront.net/photos/pets/43965365/5/?bust=1550712375&width=300
43932204,https://dl5zpyw5k3jeb.cloudfront.net/photos/pets/43932204/6/?bust=1550168347&width=300
44386682,https://dl5zpyw5k3jeb.cloudfront.net/photos/pets/44386682/1/?bust=1554392761&width=300
44386663,https://dl5zpyw5k3jeb.cloudfront.net/photos/pets/44386663/1/?bust=1554392524&width=300
44386648,https://dl5zpyw5k3jeb.cloudfront.net/photos/pets/44386648/1/?bust=1554392383&width=300
44386594,https://dl5zpyw5k3jeb.cloudfront.net/photos/pets/44386594/1/?bust=1554391960&width=300
44386547,https://dl5zpyw5k3jeb.cloudfront.net/photos/pets/44386547/1/?bust=1554391455&width=300
44386505,https://dl5zpyw5k3jeb.cloudfront.net/photos/pets/44386505/1/?bust=1554391025&width=300
44386486,https://dl5zpyw5k3jeb.cloudfront.net/photos/pets/44386486/1/?bust=1554390225&width=300
44336966,https://dl5zpyw5k3jeb.cloudfront.net/photos/pets/44336966/1/?bust=1553799999&width=300
44336911,https://dl5zpyw5k3jeb.cloudfront.net/photos/pets/44336911/1/?bust=1553799836&width=300
44336704,https://dl5zpyw5k3jeb.cloudfront.net/photos/pets/44336704/1/?bust=1553799672&width=300
44336503,https://dl5zpyw5k3jeb.cloudfront.net/photos/pets/44336503/1/?bust=1553799187&width=300
44275408,https://dl5zpyw5k3jeb.cloudfront.net/photos/pets/44275408/1/?bust=1553105240&width=300
44275390,https://dl5zpyw5k3jeb.cloudfront.net/photos/pets/44275390/2/?bust=1553798856&width=300
44228237,https://dl5zpyw5k3jeb.cloudfront.net/photos/pets/44228237/1/?bust=1552571996&width=300
44228228,https://dl5zpyw5k3jeb.cloudfront.net/photos/pets/44228228/1/?bust=1552571775&width=300
44175344,https://dl5zpyw5k3jeb.cloudfront.net/photos/pets/44175344/1/?bust=1551983940&width=300
44159299,https://dl5zpyw5k3jeb.cloudfront.net/photos/pets/44159299/2/?bust=1551802451&width=300
44159284,https://dl5zpyw5k3jeb.cloudfront.net/photos/pets/44159284/1/?bust=1551802189&width=300
44159272,https://dl5zpyw5k3jeb.cloudfront.net/photos/pets/44159272/1/?bust=1551802003&width=300
44159261,https://dl5zpyw5k3jeb.cloudfront.net/photos/pets/44159261/1/?bust=1551801809&width=300
44345117,https://dl5zpyw5k3jeb.cloudfront.net/photos/pets/44345117/1/?bust=1553889826&width=300
44093651,https://dl5zpyw5k3jeb.cloudfront.net/photos/pets/44093651/1/?bust=1551056770&width=300
44006535,https://dl5zpyw5k3jeb.cloudfront.net/photos/pets/44006535/1/?bust=1550078421&width=300
43992047,https://dl5zpyw5k3jeb.cloudfront.net/photos/pets/43992047/1/?bust=1549910904&width=300
43916678,https://dl5zpyw5k3jeb.cloudfront.net/photos/pets/43916678/1/?bust=1549058741&width=300
43916653,https://dl5zpyw5k3jeb.cloudfront.net/photos/pets/43916653/1/?bust=1549058472&width=300
43777454,https://dl5zpyw5k3jeb.cloudfront.net/photos/pets/43777454/1/?bust=1547563712&width=300
43777437,https://dl5zpyw5k3jeb.cloudfront.net/photos/pets/43777437/1/?bust=1547563332&width=300
43681069,https://dl5zpyw5k3jeb.cloudfront.net/photos/pets/43681069/1/?bust=1546523225&width=300
43597330,https://dl5zpyw5k3jeb.cloudfront.net/photos/pets/43597330/1/?bust=1545355546&width=300
43597301,https://dl5zpyw5k3jeb.cloudfront.net/photos/pets/43597301/1/?bust=1545354513&width=300
43545937,https://dl5zpyw5k3jeb.cloudfront.net/photos/pets/43545937/3/?bust=1544832460&width=300
43545929,https://dl5zpyw5k3jeb.cloudfront.net/photos/pets/43545929/1/?bust=1544832251&width=300
43513665,https://dl5zpyw5k3jeb.cloudfront.net/photos/pets/43513665/1/?bust=1544579791&width=300
43447949,https://dl5zpyw5k3jeb.cloudfront.net/photos/pets/43447949/1/?bust=1543884473&width=300
43390647,https://dl5zpyw5k3jeb.cloudfront.net/photos/pets/43390647/1/?bust=1543290914&width=300
43319412,https://dl5zpyw5k3jeb.cloudfront.net/photos/pets/43319412/1/?bust=1542475641&width=300
43176411,https://dl5zpyw5k3jeb.cloudfront.net/photos/pets/43176411/1/?bust=1541099672&width=300
43176372,https://dl5zpyw5k3jeb.cloudfront.net/photos/pets/43176372/1/?bust=1541099309&width=300
43174978,https://dl5zpyw5k3jeb.cloudfront.net/photos/pets/43174978/1/?bust=1541076085&width=300
43868775,https://dl5zpyw5k3jeb.cloudfront.net/photos/pets/43868775/1/?bust=1548518925&width=300
43555911,https://dl5zpyw5k3jeb.cloudfront.net/photos/pets/43555911/1/?bust=1544922225&width=300
43347491,https://dl5zpyw5k3jeb.cloudfront.net/photos/pets/43347491/1/?bust=1542761964&width=300
43347470,https://dl5zpyw5k3jeb.cloudfront.net/photos/pets/43347470/1/?bust=1542761618&width=300
43237029,https://dl5zpyw5k3jeb.cloudfront.net/photos/pets/43237029/1/?bust=1541680982&width=300
43228727,https://dl5zpyw5k3jeb.cloudfront.net/photos/pets/43228727/1/?bust=1541605173&width=300
43184026,https://dl5zpyw5k3jeb.cloudfront.net/photos/pets/43184026/1/?bust=1541168589&width=300
43011800,https://dl5zpyw5k3jeb.cloudfront.net/photos/pets/43011800/1/?bust=1539865517&width=300
42955020,https://dl5zpyw5k3jeb.cloudfront.net/photos/pets/42955020/1/?bust=1538918315&width=300
42894530,https://dl5zpyw5k3jeb.cloudfront.net/photos/pets/42894530/1/?bust=1538397607&width=300
42880878,https://dl5zpyw5k3jeb.cloudfront.net/photos/pets/42880878/1/?bust=1538221490&width=300
42362198,https://dl5zpyw5k3jeb.cloudfront.net/photos/pets/42362198/1/?bust=1533213686&width=300
42356322,https://dl5zpyw5k3jeb.cloudfront.net/photos/pets/42356322/1/?bust=1533175888&width=300
42352904,https://dl5zpyw5k3jeb.cloudfront.net/photos/pets/42352904/1/?bust=1533138267&width=300
42352259,https://dl5zpyw5k3jeb.cloudfront.net/photos/pets/42352259/1/?bust=1533122954&width=300
42274958,https://dl5zpyw5k3jeb.cloudfront.net/photos/pets/42274958/1/?bust=1532435944&width=300
42130533,https://dl5zpyw5k3jeb.cloudfront.net/photos/pets/42130533/1/?bust=1531149431&width=300
42123672,https://dl5zpyw5k3jeb.cloudfront.net/photos/pets/42123672/2/?bust=1531078219&width=300
42122798,https://dl5zpyw5k3jeb.cloudfront.net/photos/pets/42122798/2/?bust=1537835612&width=300
42060300,https://dl5zpyw5k3jeb.cloudfront.net/photos/pets/42060300/1/?bust=1530446685&width=300
